[
    {
        "city_id": "2", 
        "city_name": "St. Peterburg", 
        "icon": "img/blue.png", 
        "id": "5", 
        "latitude": "39.9963", 
        "longitude": "43.5169", 
        "name": "\u041f\u043e\u0441\u0442 \u0410\u0421\u041a-\u0412 \u21161 \u041a\u0430\u0437\u0430\u0447\u0438\u0439 \u0431\u0440\u043e\u0434", 
        "type": "0"
    }, 
    {
        "city_id": "1", 
        "city_name": "Kaunas", 
        "icon": "img/blue.png", 
        "id": "4", 
        "latitude": "12.9963", 
        "longitude": "-79.5169", 
        "name": "\u0422\u043e\u0447\u043a\u0430 \u0432 \u0412\u0430\u0440\u0448\u0430\u0432\u0435", 
        "type": "0"
    }, 
    {
        "city_id": "3", 
        "city_name": "Moscow", 
        "icon": "img/lightblue.png", 
        "id": "6", 
        "latitude": "51.9963", 
        "longitude": "34.5169", 
        "name": "\u041f\u0440\u043e\u0432\u0435\u0440\u043a\u0430 \u0433\u043e\u0440\u043e\u0434\u0430 \u21161", 
        "type": "1"
    }, 
    {
        "city_id": "3", 
        "city_name": "Moscow", 
        "icon": "img/blue.png", 
        "id": "7", 
        "latitude": "23.9963", 
        "longitude": "-12.5169", 
        "name": "\u041f\u0440\u043e\u0432\u0435\u0440\u043a\u0430 \u0433\u043e\u0440\u043e\u0434\u0430 \u21162", 
        "type": "0"
    }, 
    {
        "city_id": "1", 
        "city_name": "Kaunas", 
        "icon": "img/lightblue.png", 
        "id": "8", 
        "latitude": "-18.9963", 
        "longitude": "5.5169", 
        "name": "\u041f\u0440\u043e\u0432\u0435\u0440\u043a\u0430 \u0433\u043e\u0440\u043e\u0434\u0430 \u21163", 
        "type": "1"
    }
]
